{"cameraMode":{"drawMode":0,"name":"Shaded","section":"Shading Mode"},"sceneLighting":true,"audioPlay":false,"sceneViewState":{"showFog":true,"showMaterialUpdate":true,"showSkybox":true,"showFlares":true,"showImageEffects":true,"showParticleSystems":true},"in2DMode":false,"pivot":{"x":-1.2187789678573609,"y":-1.1299999952316285,"z":0.6915111541748047},"rotation":{"x":-0.164363831281662,"y":0.04791553318500519,"z":-0.007994038052856923,"w":-0.9852029085159302},"size":22.0,"orthographic":false}