{"cameraMode":{"drawMode":0,"name":"Shaded","section":"Shading Mode"},"sceneLighting":false,"audioPlay":false,"sceneViewState":{"showFog":true,"showMaterialUpdate":false,"showSkybox":false,"showFlares":true,"showImageEffects":true,"showParticleSystems":true},"in2DMode":false,"pivot":{"x":-0.7312762141227722,"y":-1.7369447946548463,"z":5.925242900848389},"rotation":{"x":-0.24501441419124604,"y":0.04535239562392235,"z":-0.011474649421870709,"w":-0.9683901071548462},"size":14.19922924041748,"orthographic":false}