{"cameraMode":{"drawMode":0,"name":"Shaded","section":"Shading Mode"},"sceneLighting":true,"audioPlay":false,"sceneViewState":{"showFog":true,"showMaterialUpdate":false,"showSkybox":false,"showFlares":true,"showImageEffects":true,"showParticleSystems":true},"in2DMode":false,"pivot":{"x":5.835428714752197,"y":1.8859996795654297,"z":-7.334211349487305},"rotation":{"x":-0.3080594837665558,"y":0.24239391088485719,"z":-0.08148780465126038,"w":-0.9163538217544556},"size":5.876279354095459,"orthographic":false}